Benchmarks/betty/1000_15_0.xml,Benchmarks/betty/1000_15_0/1-10-0.prod
Benchmarks/betty/1000_15_0.xml,Benchmarks/betty/1000_15_0/1-10-1.prod
Benchmarks/betty/1000_15_0.xml,Benchmarks/betty/1000_15_0/1-10-2.prod
Benchmarks/betty/1000_15_0.xml,Benchmarks/betty/1000_15_0/1-10-3.prod
Benchmarks/betty/1000_15_0.xml,Benchmarks/betty/1000_15_0/1-10-4.prod
Benchmarks/betty/1000_15_0.xml,Benchmarks/betty/1000_15_0/1-30-0.prod
Benchmarks/betty/1000_15_0.xml,Benchmarks/betty/1000_15_0/1-30-1.prod
Benchmarks/betty/1000_15_0.xml,Benchmarks/betty/1000_15_0/1-30-2.prod
Benchmarks/betty/1000_15_0.xml,Benchmarks/betty/1000_15_0/1-30-3.prod
Benchmarks/betty/1000_15_0.xml,Benchmarks/betty/1000_15_0/1-30-4.prod
Benchmarks/betty/1000_15_0.xml,Benchmarks/betty/1000_15_0/1-50-0.prod
Benchmarks/betty/1000_15_0.xml,Benchmarks/betty/1000_15_0/1-50-1.prod
Benchmarks/betty/1000_15_0.xml,Benchmarks/betty/1000_15_0/1-50-2.prod
Benchmarks/betty/1000_15_0.xml,Benchmarks/betty/1000_15_0/1-50-3.prod
Benchmarks/betty/1000_15_0.xml,Benchmarks/betty/1000_15_0/1-50-4.prod
Benchmarks/betty/1000_15_0.xml,Benchmarks/betty/1000_15_0/16-10-0.prod
Benchmarks/betty/1000_15_0.xml,Benchmarks/betty/1000_15_0/16-10-1.prod
Benchmarks/betty/1000_15_0.xml,Benchmarks/betty/1000_15_0/16-10-2.prod
Benchmarks/betty/1000_15_0.xml,Benchmarks/betty/1000_15_0/16-10-3.prod
Benchmarks/betty/1000_15_0.xml,Benchmarks/betty/1000_15_0/16-10-4.prod
Benchmarks/betty/1000_15_0.xml,Benchmarks/betty/1000_15_0/16-30-0.prod
Benchmarks/betty/1000_15_0.xml,Benchmarks/betty/1000_15_0/16-30-1.prod
Benchmarks/betty/1000_15_0.xml,Benchmarks/betty/1000_15_0/16-30-2.prod
Benchmarks/betty/1000_15_0.xml,Benchmarks/betty/1000_15_0/16-30-3.prod
Benchmarks/betty/1000_15_0.xml,Benchmarks/betty/1000_15_0/16-30-4.prod
Benchmarks/betty/1000_15_0.xml,Benchmarks/betty/1000_15_0/16-50-0.prod
Benchmarks/betty/1000_15_0.xml,Benchmarks/betty/1000_15_0/16-50-1.prod
Benchmarks/betty/1000_15_0.xml,Benchmarks/betty/1000_15_0/16-50-2.prod
Benchmarks/betty/1000_15_0.xml,Benchmarks/betty/1000_15_0/16-50-3.prod
Benchmarks/betty/1000_15_0.xml,Benchmarks/betty/1000_15_0/16-50-4.prod
Benchmarks/betty/1000_15_0.xml,Benchmarks/betty/1000_15_0/2-10-0.prod
Benchmarks/betty/1000_15_0.xml,Benchmarks/betty/1000_15_0/2-10-1.prod
Benchmarks/betty/1000_15_0.xml,Benchmarks/betty/1000_15_0/2-10-2.prod
Benchmarks/betty/1000_15_0.xml,Benchmarks/betty/1000_15_0/2-10-3.prod
Benchmarks/betty/1000_15_0.xml,Benchmarks/betty/1000_15_0/2-10-4.prod
Benchmarks/betty/1000_15_0.xml,Benchmarks/betty/1000_15_0/2-30-0.prod
Benchmarks/betty/1000_15_0.xml,Benchmarks/betty/1000_15_0/2-30-1.prod
Benchmarks/betty/1000_15_0.xml,Benchmarks/betty/1000_15_0/2-30-2.prod
Benchmarks/betty/1000_15_0.xml,Benchmarks/betty/1000_15_0/2-30-3.prod
Benchmarks/betty/1000_15_0.xml,Benchmarks/betty/1000_15_0/2-30-4.prod
Benchmarks/betty/1000_15_0.xml,Benchmarks/betty/1000_15_0/2-50-0.prod
Benchmarks/betty/1000_15_0.xml,Benchmarks/betty/1000_15_0/2-50-1.prod
Benchmarks/betty/1000_15_0.xml,Benchmarks/betty/1000_15_0/2-50-2.prod
Benchmarks/betty/1000_15_0.xml,Benchmarks/betty/1000_15_0/2-50-3.prod
Benchmarks/betty/1000_15_0.xml,Benchmarks/betty/1000_15_0/2-50-4.prod
Benchmarks/betty/1000_15_0.xml,Benchmarks/betty/1000_15_0/4-10-0.prod
Benchmarks/betty/1000_15_0.xml,Benchmarks/betty/1000_15_0/4-10-1.prod
Benchmarks/betty/1000_15_0.xml,Benchmarks/betty/1000_15_0/4-10-2.prod
Benchmarks/betty/1000_15_0.xml,Benchmarks/betty/1000_15_0/4-10-3.prod
Benchmarks/betty/1000_15_0.xml,Benchmarks/betty/1000_15_0/4-10-4.prod
Benchmarks/betty/1000_15_0.xml,Benchmarks/betty/1000_15_0/4-30-0.prod
Benchmarks/betty/1000_15_0.xml,Benchmarks/betty/1000_15_0/4-30-1.prod
Benchmarks/betty/1000_15_0.xml,Benchmarks/betty/1000_15_0/4-30-2.prod
Benchmarks/betty/1000_15_0.xml,Benchmarks/betty/1000_15_0/4-30-3.prod
Benchmarks/betty/1000_15_0.xml,Benchmarks/betty/1000_15_0/4-30-4.prod
Benchmarks/betty/1000_15_0.xml,Benchmarks/betty/1000_15_0/4-50-0.prod
Benchmarks/betty/1000_15_0.xml,Benchmarks/betty/1000_15_0/4-50-1.prod
Benchmarks/betty/1000_15_0.xml,Benchmarks/betty/1000_15_0/4-50-2.prod
Benchmarks/betty/1000_15_0.xml,Benchmarks/betty/1000_15_0/4-50-3.prod
Benchmarks/betty/1000_15_0.xml,Benchmarks/betty/1000_15_0/4-50-4.prod
Benchmarks/betty/1000_15_0.xml,Benchmarks/betty/1000_15_0/8-10-0.prod
Benchmarks/betty/1000_15_0.xml,Benchmarks/betty/1000_15_0/8-10-1.prod
Benchmarks/betty/1000_15_0.xml,Benchmarks/betty/1000_15_0/8-10-2.prod
Benchmarks/betty/1000_15_0.xml,Benchmarks/betty/1000_15_0/8-10-3.prod
Benchmarks/betty/1000_15_0.xml,Benchmarks/betty/1000_15_0/8-10-4.prod
Benchmarks/betty/1000_15_0.xml,Benchmarks/betty/1000_15_0/8-30-0.prod
Benchmarks/betty/1000_15_0.xml,Benchmarks/betty/1000_15_0/8-30-1.prod
Benchmarks/betty/1000_15_0.xml,Benchmarks/betty/1000_15_0/8-30-2.prod
Benchmarks/betty/1000_15_0.xml,Benchmarks/betty/1000_15_0/8-30-3.prod
Benchmarks/betty/1000_15_0.xml,Benchmarks/betty/1000_15_0/8-30-4.prod
Benchmarks/betty/1000_15_0.xml,Benchmarks/betty/1000_15_0/8-50-0.prod
Benchmarks/betty/1000_15_0.xml,Benchmarks/betty/1000_15_0/8-50-1.prod
Benchmarks/betty/1000_15_0.xml,Benchmarks/betty/1000_15_0/8-50-2.prod
Benchmarks/betty/1000_15_0.xml,Benchmarks/betty/1000_15_0/8-50-3.prod
Benchmarks/betty/1000_15_0.xml,Benchmarks/betty/1000_15_0/8-50-4.prod
Benchmarks/betty/1000_30_0.xml,Benchmarks/betty/1000_30_0/1-10-0.prod
Benchmarks/betty/1000_30_0.xml,Benchmarks/betty/1000_30_0/1-10-1.prod
Benchmarks/betty/1000_30_0.xml,Benchmarks/betty/1000_30_0/1-10-2.prod
Benchmarks/betty/1000_30_0.xml,Benchmarks/betty/1000_30_0/1-10-3.prod
Benchmarks/betty/1000_30_0.xml,Benchmarks/betty/1000_30_0/1-10-4.prod
Benchmarks/betty/1000_30_0.xml,Benchmarks/betty/1000_30_0/1-30-0.prod
Benchmarks/betty/1000_30_0.xml,Benchmarks/betty/1000_30_0/1-30-1.prod
Benchmarks/betty/1000_30_0.xml,Benchmarks/betty/1000_30_0/1-30-2.prod
Benchmarks/betty/1000_30_0.xml,Benchmarks/betty/1000_30_0/1-30-3.prod
Benchmarks/betty/1000_30_0.xml,Benchmarks/betty/1000_30_0/1-30-4.prod
Benchmarks/betty/1000_30_0.xml,Benchmarks/betty/1000_30_0/1-50-0.prod
Benchmarks/betty/1000_30_0.xml,Benchmarks/betty/1000_30_0/1-50-1.prod
Benchmarks/betty/1000_30_0.xml,Benchmarks/betty/1000_30_0/1-50-2.prod
Benchmarks/betty/1000_30_0.xml,Benchmarks/betty/1000_30_0/1-50-3.prod
Benchmarks/betty/1000_30_0.xml,Benchmarks/betty/1000_30_0/1-50-4.prod
Benchmarks/betty/1000_30_0.xml,Benchmarks/betty/1000_30_0/16-10-0.prod
Benchmarks/betty/1000_30_0.xml,Benchmarks/betty/1000_30_0/16-10-1.prod
Benchmarks/betty/1000_30_0.xml,Benchmarks/betty/1000_30_0/16-10-2.prod
Benchmarks/betty/1000_30_0.xml,Benchmarks/betty/1000_30_0/16-10-3.prod
Benchmarks/betty/1000_30_0.xml,Benchmarks/betty/1000_30_0/16-10-4.prod
Benchmarks/betty/1000_30_0.xml,Benchmarks/betty/1000_30_0/16-30-0.prod
Benchmarks/betty/1000_30_0.xml,Benchmarks/betty/1000_30_0/16-30-1.prod
Benchmarks/betty/1000_30_0.xml,Benchmarks/betty/1000_30_0/16-30-2.prod
Benchmarks/betty/1000_30_0.xml,Benchmarks/betty/1000_30_0/16-30-3.prod
Benchmarks/betty/1000_30_0.xml,Benchmarks/betty/1000_30_0/16-30-4.prod
Benchmarks/betty/1000_30_0.xml,Benchmarks/betty/1000_30_0/16-50-0.prod
Benchmarks/betty/1000_30_0.xml,Benchmarks/betty/1000_30_0/16-50-1.prod
Benchmarks/betty/1000_30_0.xml,Benchmarks/betty/1000_30_0/16-50-2.prod
Benchmarks/betty/1000_30_0.xml,Benchmarks/betty/1000_30_0/16-50-3.prod
Benchmarks/betty/1000_30_0.xml,Benchmarks/betty/1000_30_0/16-50-4.prod
Benchmarks/betty/1000_30_0.xml,Benchmarks/betty/1000_30_0/2-10-0.prod
Benchmarks/betty/1000_30_0.xml,Benchmarks/betty/1000_30_0/2-10-1.prod
Benchmarks/betty/1000_30_0.xml,Benchmarks/betty/1000_30_0/2-10-2.prod
Benchmarks/betty/1000_30_0.xml,Benchmarks/betty/1000_30_0/2-10-3.prod
Benchmarks/betty/1000_30_0.xml,Benchmarks/betty/1000_30_0/2-10-4.prod
Benchmarks/betty/1000_30_0.xml,Benchmarks/betty/1000_30_0/2-30-0.prod
Benchmarks/betty/1000_30_0.xml,Benchmarks/betty/1000_30_0/2-30-1.prod
Benchmarks/betty/1000_30_0.xml,Benchmarks/betty/1000_30_0/2-30-2.prod
Benchmarks/betty/1000_30_0.xml,Benchmarks/betty/1000_30_0/2-30-3.prod
Benchmarks/betty/1000_30_0.xml,Benchmarks/betty/1000_30_0/2-30-4.prod
Benchmarks/betty/1000_30_0.xml,Benchmarks/betty/1000_30_0/2-50-0.prod
Benchmarks/betty/1000_30_0.xml,Benchmarks/betty/1000_30_0/2-50-1.prod
Benchmarks/betty/1000_30_0.xml,Benchmarks/betty/1000_30_0/2-50-2.prod
Benchmarks/betty/1000_30_0.xml,Benchmarks/betty/1000_30_0/2-50-3.prod
Benchmarks/betty/1000_30_0.xml,Benchmarks/betty/1000_30_0/2-50-4.prod
Benchmarks/betty/1000_30_0.xml,Benchmarks/betty/1000_30_0/4-10-0.prod
Benchmarks/betty/1000_30_0.xml,Benchmarks/betty/1000_30_0/4-10-1.prod
Benchmarks/betty/1000_30_0.xml,Benchmarks/betty/1000_30_0/4-10-2.prod
Benchmarks/betty/1000_30_0.xml,Benchmarks/betty/1000_30_0/4-10-3.prod
Benchmarks/betty/1000_30_0.xml,Benchmarks/betty/1000_30_0/4-10-4.prod
Benchmarks/betty/1000_30_0.xml,Benchmarks/betty/1000_30_0/4-30-0.prod
Benchmarks/betty/1000_30_0.xml,Benchmarks/betty/1000_30_0/4-30-1.prod
Benchmarks/betty/1000_30_0.xml,Benchmarks/betty/1000_30_0/4-30-2.prod
Benchmarks/betty/1000_30_0.xml,Benchmarks/betty/1000_30_0/4-30-3.prod
Benchmarks/betty/1000_30_0.xml,Benchmarks/betty/1000_30_0/4-30-4.prod
Benchmarks/betty/1000_30_0.xml,Benchmarks/betty/1000_30_0/4-50-0.prod
Benchmarks/betty/1000_30_0.xml,Benchmarks/betty/1000_30_0/4-50-1.prod
Benchmarks/betty/1000_30_0.xml,Benchmarks/betty/1000_30_0/4-50-2.prod
Benchmarks/betty/1000_30_0.xml,Benchmarks/betty/1000_30_0/4-50-3.prod
Benchmarks/betty/1000_30_0.xml,Benchmarks/betty/1000_30_0/4-50-4.prod
Benchmarks/betty/1000_30_0.xml,Benchmarks/betty/1000_30_0/8-10-0.prod
Benchmarks/betty/1000_30_0.xml,Benchmarks/betty/1000_30_0/8-10-1.prod
Benchmarks/betty/1000_30_0.xml,Benchmarks/betty/1000_30_0/8-10-2.prod
Benchmarks/betty/1000_30_0.xml,Benchmarks/betty/1000_30_0/8-10-3.prod
Benchmarks/betty/1000_30_0.xml,Benchmarks/betty/1000_30_0/8-10-4.prod
Benchmarks/betty/1000_30_0.xml,Benchmarks/betty/1000_30_0/8-30-0.prod
Benchmarks/betty/1000_30_0.xml,Benchmarks/betty/1000_30_0/8-30-1.prod
Benchmarks/betty/1000_30_0.xml,Benchmarks/betty/1000_30_0/8-30-2.prod
Benchmarks/betty/1000_30_0.xml,Benchmarks/betty/1000_30_0/8-30-3.prod
Benchmarks/betty/1000_30_0.xml,Benchmarks/betty/1000_30_0/8-30-4.prod
Benchmarks/betty/1000_30_0.xml,Benchmarks/betty/1000_30_0/8-50-0.prod
Benchmarks/betty/1000_30_0.xml,Benchmarks/betty/1000_30_0/8-50-1.prod
Benchmarks/betty/1000_30_0.xml,Benchmarks/betty/1000_30_0/8-50-2.prod
Benchmarks/betty/1000_30_0.xml,Benchmarks/betty/1000_30_0/8-50-3.prod
Benchmarks/betty/1000_30_0.xml,Benchmarks/betty/1000_30_0/8-50-4.prod
Benchmarks/betty/1000_5_0.xml,Benchmarks/betty/1000_5_0/1-10-0.prod
Benchmarks/betty/1000_5_0.xml,Benchmarks/betty/1000_5_0/1-10-1.prod
Benchmarks/betty/1000_5_0.xml,Benchmarks/betty/1000_5_0/1-10-2.prod
Benchmarks/betty/1000_5_0.xml,Benchmarks/betty/1000_5_0/1-10-3.prod
Benchmarks/betty/1000_5_0.xml,Benchmarks/betty/1000_5_0/1-10-4.prod
Benchmarks/betty/1000_5_0.xml,Benchmarks/betty/1000_5_0/1-30-0.prod
Benchmarks/betty/1000_5_0.xml,Benchmarks/betty/1000_5_0/1-30-1.prod
Benchmarks/betty/1000_5_0.xml,Benchmarks/betty/1000_5_0/1-30-2.prod
Benchmarks/betty/1000_5_0.xml,Benchmarks/betty/1000_5_0/1-30-3.prod
Benchmarks/betty/1000_5_0.xml,Benchmarks/betty/1000_5_0/1-30-4.prod
Benchmarks/betty/1000_5_0.xml,Benchmarks/betty/1000_5_0/1-50-0.prod
Benchmarks/betty/1000_5_0.xml,Benchmarks/betty/1000_5_0/1-50-1.prod
Benchmarks/betty/1000_5_0.xml,Benchmarks/betty/1000_5_0/1-50-2.prod
Benchmarks/betty/1000_5_0.xml,Benchmarks/betty/1000_5_0/1-50-3.prod
Benchmarks/betty/1000_5_0.xml,Benchmarks/betty/1000_5_0/1-50-4.prod
Benchmarks/betty/1000_5_0.xml,Benchmarks/betty/1000_5_0/16-10-0.prod
Benchmarks/betty/1000_5_0.xml,Benchmarks/betty/1000_5_0/16-10-1.prod
Benchmarks/betty/1000_5_0.xml,Benchmarks/betty/1000_5_0/16-10-2.prod
Benchmarks/betty/1000_5_0.xml,Benchmarks/betty/1000_5_0/16-10-3.prod
Benchmarks/betty/1000_5_0.xml,Benchmarks/betty/1000_5_0/16-10-4.prod
Benchmarks/betty/1000_5_0.xml,Benchmarks/betty/1000_5_0/16-30-0.prod
Benchmarks/betty/1000_5_0.xml,Benchmarks/betty/1000_5_0/16-30-1.prod
Benchmarks/betty/1000_5_0.xml,Benchmarks/betty/1000_5_0/16-30-2.prod
Benchmarks/betty/1000_5_0.xml,Benchmarks/betty/1000_5_0/16-30-3.prod
Benchmarks/betty/1000_5_0.xml,Benchmarks/betty/1000_5_0/16-30-4.prod
Benchmarks/betty/1000_5_0.xml,Benchmarks/betty/1000_5_0/16-50-0.prod
Benchmarks/betty/1000_5_0.xml,Benchmarks/betty/1000_5_0/16-50-1.prod
Benchmarks/betty/1000_5_0.xml,Benchmarks/betty/1000_5_0/16-50-2.prod
Benchmarks/betty/1000_5_0.xml,Benchmarks/betty/1000_5_0/16-50-3.prod
Benchmarks/betty/1000_5_0.xml,Benchmarks/betty/1000_5_0/16-50-4.prod
Benchmarks/betty/1000_5_0.xml,Benchmarks/betty/1000_5_0/2-10-0.prod
Benchmarks/betty/1000_5_0.xml,Benchmarks/betty/1000_5_0/2-10-1.prod
Benchmarks/betty/1000_5_0.xml,Benchmarks/betty/1000_5_0/2-10-2.prod
Benchmarks/betty/1000_5_0.xml,Benchmarks/betty/1000_5_0/2-10-3.prod
Benchmarks/betty/1000_5_0.xml,Benchmarks/betty/1000_5_0/2-10-4.prod
Benchmarks/betty/1000_5_0.xml,Benchmarks/betty/1000_5_0/2-30-0.prod
Benchmarks/betty/1000_5_0.xml,Benchmarks/betty/1000_5_0/2-30-1.prod
Benchmarks/betty/1000_5_0.xml,Benchmarks/betty/1000_5_0/2-30-2.prod
Benchmarks/betty/1000_5_0.xml,Benchmarks/betty/1000_5_0/2-30-3.prod
Benchmarks/betty/1000_5_0.xml,Benchmarks/betty/1000_5_0/2-30-4.prod
Benchmarks/betty/1000_5_0.xml,Benchmarks/betty/1000_5_0/2-50-0.prod
Benchmarks/betty/1000_5_0.xml,Benchmarks/betty/1000_5_0/2-50-1.prod
Benchmarks/betty/1000_5_0.xml,Benchmarks/betty/1000_5_0/2-50-2.prod
Benchmarks/betty/1000_5_0.xml,Benchmarks/betty/1000_5_0/2-50-3.prod
Benchmarks/betty/1000_5_0.xml,Benchmarks/betty/1000_5_0/2-50-4.prod
Benchmarks/betty/1000_5_0.xml,Benchmarks/betty/1000_5_0/4-10-0.prod
Benchmarks/betty/1000_5_0.xml,Benchmarks/betty/1000_5_0/4-10-1.prod
Benchmarks/betty/1000_5_0.xml,Benchmarks/betty/1000_5_0/4-10-2.prod
Benchmarks/betty/1000_5_0.xml,Benchmarks/betty/1000_5_0/4-10-3.prod
Benchmarks/betty/1000_5_0.xml,Benchmarks/betty/1000_5_0/4-10-4.prod
Benchmarks/betty/1000_5_0.xml,Benchmarks/betty/1000_5_0/4-30-0.prod
Benchmarks/betty/1000_5_0.xml,Benchmarks/betty/1000_5_0/4-30-1.prod
Benchmarks/betty/1000_5_0.xml,Benchmarks/betty/1000_5_0/4-30-2.prod
Benchmarks/betty/1000_5_0.xml,Benchmarks/betty/1000_5_0/4-30-3.prod
Benchmarks/betty/1000_5_0.xml,Benchmarks/betty/1000_5_0/4-30-4.prod
Benchmarks/betty/1000_5_0.xml,Benchmarks/betty/1000_5_0/4-50-0.prod
Benchmarks/betty/1000_5_0.xml,Benchmarks/betty/1000_5_0/4-50-1.prod
Benchmarks/betty/1000_5_0.xml,Benchmarks/betty/1000_5_0/4-50-2.prod
Benchmarks/betty/1000_5_0.xml,Benchmarks/betty/1000_5_0/4-50-3.prod
Benchmarks/betty/1000_5_0.xml,Benchmarks/betty/1000_5_0/4-50-4.prod
Benchmarks/betty/1000_5_0.xml,Benchmarks/betty/1000_5_0/8-10-0.prod
Benchmarks/betty/1000_5_0.xml,Benchmarks/betty/1000_5_0/8-10-1.prod
Benchmarks/betty/1000_5_0.xml,Benchmarks/betty/1000_5_0/8-10-2.prod
Benchmarks/betty/1000_5_0.xml,Benchmarks/betty/1000_5_0/8-10-3.prod
Benchmarks/betty/1000_5_0.xml,Benchmarks/betty/1000_5_0/8-10-4.prod
Benchmarks/betty/1000_5_0.xml,Benchmarks/betty/1000_5_0/8-30-0.prod
Benchmarks/betty/1000_5_0.xml,Benchmarks/betty/1000_5_0/8-30-1.prod
Benchmarks/betty/1000_5_0.xml,Benchmarks/betty/1000_5_0/8-30-2.prod
Benchmarks/betty/1000_5_0.xml,Benchmarks/betty/1000_5_0/8-30-3.prod
Benchmarks/betty/1000_5_0.xml,Benchmarks/betty/1000_5_0/8-30-4.prod
Benchmarks/betty/1000_5_0.xml,Benchmarks/betty/1000_5_0/8-50-0.prod
Benchmarks/betty/1000_5_0.xml,Benchmarks/betty/1000_5_0/8-50-1.prod
Benchmarks/betty/1000_5_0.xml,Benchmarks/betty/1000_5_0/8-50-2.prod
Benchmarks/betty/1000_5_0.xml,Benchmarks/betty/1000_5_0/8-50-3.prod
Benchmarks/betty/1000_5_0.xml,Benchmarks/betty/1000_5_0/8-50-4.prod
