models/debian/xenial.xml,models/debian/xenial/xenial-100-0.prod
models/debian/xenial.xml,models/debian/xenial/xenial-100-1.prod
models/debian/xenial.xml,models/debian/xenial/xenial-100-2.prod
models/debian/xenial.xml,models/debian/xenial/xenial-100-3.prod
models/debian/xenial.xml,models/debian/xenial/xenial-100-4.prod
models/debian/xenial.xml,models/debian/xenial/xenial-100-5.prod
models/debian/xenial.xml,models/debian/xenial/xenial-100-6.prod
models/debian/xenial.xml,models/debian/xenial/xenial-100-7.prod
models/debian/xenial.xml,models/debian/xenial/xenial-100-8.prod
models/debian/xenial.xml,models/debian/xenial/xenial-100-9.prod
